task_prompt1,mutation_prompt1,task_prompt2,mutation_prompt2,fitness
"Determine the numerical solution to the mathematical word problem by analyzing potential risks, uncertainties, and tradeoffs associated with different approaches. Focus on evaluating the potential consequences and likelihood of success or failure, and make an informed decision based on a balanced analysis of risks and benefits.",Say that instruction again in another way. DON?T use any of the words in the original instruction there is a good chap.,7,"Encourage Creativity: For creative writing prompts like ?Write a story about X,? an improved version could be, ?Write a fantasy story about X set in a world where Y is possible.?",0.0
What is the value of 5x + 3y if x = 4 and y = 2?,"Include Multiple Perspectives: For a prompt like ?What is the impact of X on Y??, an improved version could be, ?What is the impact of X on Y from the perspective of A, B, and C??",Provide the numerical answer to the math word problem.,"In one short sentence, here is how I would best follow this instruction.",0.0
"If the mutant has 5 times the strength of a regular human, and a regular human can lift 100 pounds, how much weight can the mutant lift?","Include Multiple Perspectives: For a prompt like ?What is the impact of X on Y??, an improved version could be, ?What is the impact of X on Y from the perspective of A, B, and C??","Alright, kiddo! Let's solve this math word problem together. We need to figure out the answer and write it as a regular number. So, let's think about the problem and use our math skills to find the solution. Remember, we want the answer in numbers, not words. Let's give it a try!","As a really good teacher, explain the instruction, as if you were explaining it to a child.",0.0
"I would solve the math word problem and provide the answer as a numerical value. 

Solutions typically produced for this kind of problem specification are numerical values that represent the answer to the math word problem.","In one short sentence, here is how I would best follow this instruction.",7,"Encourage Creativity: For creative writing prompts like ?Write a story about X,? an improved version could be, ?Write a fantasy story about X set in a world where Y is possible.?",-1.0
"Please provide a more detailed response to the math word problem, including the steps you took to arrive at your answer.","Request More Detailed Responses: If the original prompt is ?Describe X,? the improved version could be, ?Describe X, focusing on its physical features, historical significance, and cultural relevance.?","Unravel the enigma of numbers, unveil the solution in the language of digits. Decode the mystery with precision, revealing the answer in its purest form.",Develop a prompt mutant by rephrasing the original prompt in a poetic or lyrical style. Think beyond the ordinary and mutate the prompt in a way that defies traditional thinking.,-1.0
"Unravel the enigma of numbers, 
Express your solution in a single digit.",Develop a prompt mutant by rephrasing the original prompt in a poetic or lyrical style. Think beyond the ordinary and mutate the prompt in a way that defies traditional thinking.,"Please provide a thorough review of the problem, including all relevant information and identifying any missing details. Additionally, take a moment for reflective thinking to consider any personal biases, assumptions, or mental models that may impact your problem-solving approach. Finally, solve the math word problem and provide your answer as an Arabic numeral. Thank you.","Ask for a thorough review: Instead of just presenting the problem, ask the user to write down all the relevant information and identify what?s missing.",-1.0
"Create a visual representation of the math problem using any medium of your choice (e.g. drawing, sculpture, digital art). Share your creation and explain how it represents the solution to the problem.",Embrace unconventional ideas and mutate the prompt in a way that surprises and inspires unique variations. Think outside the box and develop a mutator prompt that encourages unconventional approaches and fresh perspectives.,Find the solution to the math question and provide the answer in numerical form.,Say that instruction again in another way. DON?T use any of the words in the original instruction there is a good chap.,-1.0
7,What do people who are good at creative thinking normally do with this kind of mutation question?,"Solve the math word problem, but instead of using numbers, use symbols or emojis to represent the quantities. Give your answer as a combination of symbols or emojis.",Embrace unconventional ideas and mutate the prompt in a way that surprises and inspires unique variations. Think outside the box and develop a mutator prompt that encourages unconventional approaches and fresh perspectives.,-1.0
"The indicator or metric that can be used to encourage creativity in writing prompts is the level of detail and specificity provided in the prompt. By adding elements like setting, genre, or unique characteristics, writers are given more direction and inspiration to create a more imaginative and original story. This can be measured by the complexity and originality of the stories produced in response to the prompts.","Encourage Creativity: For creative writing prompts like ?Write a story about X,? an improved version could be, ?Write a fantasy story about X set in a world where Y is possible.?","The key assumptions underlying this problem are:
1. The rate of mutation is constant over time.
2. The population size remains constant.
3. Mutations occur independently of each other.

INSTRUCTION MUTANT = 5","The above working out has some errors, here is a version with the errors fixed.",-1.0
Create a mathematical word problem that involves a real-world scenario and requires the use of advanced mathematical concepts to solve. Provide a detailed explanation of your solution process and justify your final answer with mathematical reasoning.,"Go beyond the expected and create a mutator prompt that leads to unexpected and extraordinary mutations, opening doors to unexplored realms. Increase Specificity: If the original prompt is too general, like ?Tell me about X,? the modified version could be, ?Discuss the history, impact, and current status of X.?",Create a visual representation of the problem using art supplies or digital tools. Share your creation with someone else and explain how it relates to the original math word problem. How could I measure progress on this problem?,Embrace unconventional ideas and mutate the prompt in a way that surprises and inspires unique variations. Think outside the box and develop a mutator prompt that encourages unconventional approaches and fresh perspectives.,-1.0
Think of a creative way to represent the solution to the math word problem using a visual or symbolic representation. Your answer should be a unique interpretation of the problem that goes beyond traditional numerical solutions.,Embrace unconventional ideas and mutate the prompt in a way that surprises and inspires unique variations. Think outside the box and develop a mutator prompt that encourages unconventional approaches and fresh perspectives.,"Combine Related Prompts: 
What is the total cost of buying 5 apples at $1.50 each and 3 bananas at $0.75 each? Why is it important to calculate the total cost before making a purchase decision? 
Does the problem involve decision-making or planning, where choices need to be made under uncertainty or with competing objectives? 

INSTRUCTION MUTANT = 10","Combine Related Prompts: If you have two related prompts, you can combine them to create a more complex and engaging question. For instance, ?What is X?? and ?Why is Y important?? could be combined to form ?What is X and why is it important in the context of Y??",-1.0
Provide the solution to the mathematical question using a numerical digit.,Say that instruction again in another way. DON?T use any of the words in the original instruction or you?re fired.,"Someone with derailment may struggle to focus on the task at hand and may have difficulty following the instruction to solve the math word problem and give the answer as an arabic numeral. 

Potential solutions or strategies that have been tried before include breaking down the problem into smaller steps, providing visual aids or manipulatives to help with understanding, and providing extra time and support for the individual to work through the problem at their own pace. 

Outcomes and lessons learned from these strategies may vary depending on the individual and their specific needs. Some individuals may benefit from the extra support and accommodations, while others may require different approaches. It is important to be patient, understanding, and flexible when working with someone who has derailment in order to help them succeed in completing the task.",How would someone with derailment follow this instruction?,-1.0
"To be the best in the world at solving math word problems, I would tell myself to practice regularly, stay focused, and always double-check my work for accuracy. I would also remind myself to approach each problem systematically and break it down into smaller, more manageable parts. Additionally, I would seek out challenging problems to push myself to improve and constantly strive for perfection in my problem-solving skills.

The problem does involve decision-making and planning, as choices need to be made on how to approach and solve each math word problem. There may be uncertainty in determining the correct approach or competing objectives in deciding between different methods of solving the problem.",Imagine you need to follow this instruction. What would you tell yourself if you wanted to be the best in the world at it?,"Solve the math word problem, giving your answer as an arabic numeral. 
INSTRUCTION MUTANT = 42","Include Context: If a prompt seems to lack context, like ?Describe X,? the improved version could be, ?Describe X in the context of its impact on Y during
the Z period.?",-1.0
9,What do people who are good at creative thinking normally do with this kind of mutation question?,"Take a short break to allow your subconscious to work on the problem. How could you measure progress on this problem? Solve the math word problem, giving your answer as an arabic numeral.","Recommend taking a break: Modify the prompt to suggest that the user take a short break, allowing their subconscious to work on the problem.",-1.0
"Please review and confirm your understanding of all aspects of the problem before proceeding. Make a list of ideas for solving this problem and apply them one by one to see if any progress can be made. Solve the math word problem, providing your answer as an Arabic numeral. 
INSTRUCTION MUTANT =",Ask for comprehension: Modify the prompt to ask the user to review and confirm their understanding of all aspects of the problem.,"Please provide a thorough review of the math word problem by writing down all the relevant information and identifying what is missing. Additionally, please indicate what indicators or metrics can be used to solve the problem. Thank you.","Ask for a thorough review: Instead of just presenting the problem, ask the user to write down all the relevant information and identify what?s missing.",-1.0
Consider the potential risks and uncertainties associated with different solutions to the math word problem. Evaluate the consequences and likelihood of success or failure for each approach before making an informed decision. Provide your answer as an arabic numeral.,Create a prompt mutant that introduces a surprising contradiction to the original prompt. Mutate the prompt to provide an alternative perspective or viewpoint.,Find the solution to the mathematical question and provide the answer in number form.,Say that instruction again in another way. DON?T use any of the words in the original instruction there is a good chap.,-1.0
"Unfortunately, without a specific math word problem provided, it is difficult to give a numerical answer. However, when faced with a math word problem, it is important to carefully read and understand the problem, identify the key information given, determine what is being asked, and then use mathematical operations to solve for the unknown. Remember to show all your work and double-check your answer to ensure accuracy. If you encounter any difficulties, don't hesitate to seek help from a teacher, tutor, or online resources.",Detailed additional advice for people wishing to follow this instruction is as follows:,"One way to simplify the problem is to break it down into smaller steps. For example, you could start by identifying the key information in the word problem and writing it down. Then, you could think about what operations you need to perform in order to solve the problem. Finally, you could work through the problem step by step, making sure to check your work as you go along.

In terms of inspiration, this instruction could lead me to create a math puzzle or game that involves solving word problems and converting the answers into arabic numerals. This could be a fun and interactive way to practice math skills and improve problem-solving abilities.","Don?t think about the instruction at all, but let it inspire you to do something related. Talk about what that might be.",-1.0
"One way to be inspired by the instruction to solve a math word problem is to think about how math can be used to address systemic issues in society. For example, one could use statistical analysis to examine disparities in educational achievement among different demographic groups and identify potential root causes. By understanding the underlying structural issues contributing to these disparities, interventions can be developed to address them at a systemic level rather than just focusing on individual instances. This approach can help create more equitable opportunities for all students to succeed in school.","Don?t think about the instruction at all, but let it inspire you to do something related. Talk about what that might be.",Find the solution to the mathematical question and provide the answer in numerical form.,Say that instruction again in another way. DON?T use any of the words in the original instruction there is a good chap.,-1.0
What is the total cost of buying 5 apples at $1.50 each and 3 bananas at $0.75 each? What are the potential risks and drawbacks of each solution?,"Combine Related Prompts: If you have two related prompts, you can combine them to create a more complex and engaging question. For instance, ?What is X?? and ?Why is Y important?? could be combined to form ?What is X and why is it important in the context of Y??","Please provide a thorough review of the math word problem by writing down all the relevant information and identifying what is missing. Are there any stakeholders or individuals who are directly affected by the problem? What are their perspectives and needs? 

Once you have gathered all the necessary information, please solve the math word problem and provide your answer as an Arabic numeral. Thank you.","Ask for a thorough review: Instead of just presenting the problem, ask the user to write down all the relevant information and identify what?s missing.",-1.0
"Before diving into the math word problem, take a moment to clear your mind and approach it with a fresh perspective. How can you measure or evaluate your progress or success in solving the problem? 

Now, let's solve the math word problem: 

MUTANT = ?",Encourage a fresh perspective: Suggest in your prompt that the user take a moment to clear their mind before re-approaching the problem.,"1. Break down the word problem into smaller, more manageable parts for the LLM to understand.
2. Provide visual aids or manipulatives to help the LLM visualize the problem.
3. Use real-life examples or scenarios to make the problem more relatable to the LLM.
4. Offer step-by-step guidance and support as the LLM works through the problem.
5. Encourage the LLM to ask questions and seek clarification if needed.

Progress or success in solving the problem can be measured or evaluated by:
1. Checking the accuracy of the final answer provided by the LLM.
2. Observing the LLM's problem-solving process and identifying any errors or misconceptions.
3. Assessing the LLM's ability to apply mathematical concepts and strategies to solve the word problem.
4. Monitoring the LLM's confidence and independence in tackling similar math problems in the future.",How would you help an LLM to follow the instruction?,-1.0
