question,answer
"Dr. Jones earns $6,000 a month. His house rental is $640 each month; his monthly food expense is $380; his electric and water bill costs 1/4 of what he makes, and his insurances cost 1/5 of what he makes. How much money does he have left after paying those four bills?",2280
"Maria's test scores are 80, 70, and 90. What score does she need to get on a fourth test so that her average score for the four tests is exactly 85?",100
"Four small panda bears and five bigger panda bears eat 25 pounds and 40 pounds of fresh bamboo sprouts every day, respectively. How many pounds of bamboo do the 9 pandas eat in a week?",2100
"Violet is trying to figure out whether she should buy a family pass to the aquarium for $120 or pay for tickets separately. If adult tickets cost $35 and children's tickets cost $20, and Violet's family has 1 adult and 6 children, how much will she pay if she buys separate tickets?",155
"Liam is teaching art to a group of 10 students. He has 20 art kits that he hands out to the students to share, 1 art kit for 2 students. From those art kits half the students make 3 artworks each and half the students make 4 artworks each. How many artistic works does the whole class create?",35
Lara is baking cookies using four baking trays. She places five rows of cookies on a baking tray where there are six cookies in one row. How many cookies is she baking?,120
John repairs 5 cars.  3 of the cars take 40 minutes each to repair.  The remaining ones take 50% longer each to repair.  He makes $20 per hour repairing cars.  How much money does he make?,80
"Holden's current master bedroom is 309 sq ft and his master bath is 150 sq ft.  If he wants to add a home office/personal gym divided space that is twice as large as his bedroom and bathroom, how much sq ft will this new room have?",918
Julian has 80 Facebook friends. 60% are boys and 40% are girls. Boyd has twice as many friends who are girls and has 100 friends total. What percentage of Boydâ€™s friends are boys?,36
"To run his grocery store, Mr. Haj needs $4000 a day. This money is used to pay for orders done, delivery costs and employees' salaries. If he spends 2/5 of the total operation costs on employees' salary and 1/4 of the remaining amount on delivery costs, how much money does he pay for the orders done?",1800
